rank,target,type,url,audience,posting_or_contact_rule,verified,approval_needed,draft_id
1,Mandarin Immersion Parents Council (Elizabeth Weise),national parent resource site + parent mailing lists,https://miparentscouncil.org,parents of US Mandarin immersion students (396-program list),"Contact: immersioneducation@gmail.com. School list is non-commercial only; do not use it for marketing. Ask for resource-page inclusion, not a mailing blast",yes (site + contact page),JD approves send,D1
2,Asia Society CELIN,national immersion network resource hub,https://asiasociety.org/education/chinese-early-language-and-immersion-network,Chinese early-language / immersion educators,Resource suggestions to celin@asiasociety.org,yes (site),JD approves send,D2
3,CLASS (Chinese Language Association of Secondary-Elementary Schools),PreK-12 Chinese teacher association,https://classk12.org,PreK-12 Chinese teachers,"Member org; propose a short PD session / resource share for the 热点谈 series. Use the site contact / membership channel",yes (site + 2026 events),JD approves send; membership fee possible (spend),D3
4,Mandarin Immersion Parent Support (Facebook group),Facebook group,https://www.facebook.com/groups/242781425863187,Mandarin immersion parents,"Rules not readable logged out. JD must join, read rules, and contribute for ~2 weeks before sharing; share only if promo is allowed or when someone asks",partial (ID from school PTA resource pages; FB blocks logged-out view),JD posts as JD,D4
5,World Chinese Teachers Network (Google Group),teacher mailing list,https://groups.google.com/g/chineseteachers,Chinese teachers worldwide,"Join first; read the group description/rules; one helpful resource post, no repeats",yes (group exists),JD posts as JD,D5
6,Xiaohongshu / 小红书 (own account),social (own channel),https://www.xiaohongshu.com,Chinese-speaking parents + heritage/weekend-school teachers in the US,"Own-account post; no links in body (platform limits external links) - point to 'averystudio.org' as text",n/a (own account),JD creates account + posts,D6
7,Instagram Reels / YouTube Shorts (own account),social (own channel),https://www.instagram.com / https://www.youtube.com,K-5 Mandarin teachers,"Own-account post; link in bio -> averystudio.org/games",n/a,JD creates account + posts,D7
8,Weekend Chinese school networks: CSAUS + NCACLS/NCLCC,heritage-school associations,http://www.csaus.net ; https://nclcc.org,weekend Chinese school principals/teachers,"Contact via association site; offer a resource note for member newsletters; do not bulk-email member schools",yes (sites),JD approves send,D8
9,r/ChineseLanguage,subreddit,https://www.reddit.com/r/ChineseLanguage/,learners + some teachers/parents,"Restricts self-promotion (removals on record). Answer questions only; no links unless asked; disclose affiliation",yes (rules discussion threads),JD comments as JD,D9
10,Utah Chinese DLI (state program resources),state DLI program,https://www.utahchinesedli.org/teachers/resources/,Utah Chinese DLI teachers,"Wait until level-sorted word sets exist; then suggest a teacher resource via the program's contact",yes (site),JD approves send (later),D10
11,Bay Area Schools & Parents Discussion (Facebook group),regional parent FB group,https://www.facebook.com/groups/547739296369904,Bay Area parents incl. Mandarin immersion,"Reply-only when a relevant thread appears; follow group rules",partial,JD,—
12,r/Teachers,subreddit,https://www.reddit.com/r/Teachers/,US teachers,"NO self-promotion incl. free TPT resources. Do not post",yes (mod rule post),—,none (do not post)
13,dragonsteaching@groups.io,small teacher forum (UK-focused),https://groups.io/g/dragonsteaching,primary/secondary Mandarin teachers,"23 members; posts from new users moderated",yes,JD,— (low value)
14,Peer TPT sellers: Lily Zhao's Chinese Immersion Class; Guo Laoshi; Ms Xiong's Chinese Immersion Classroom; 雪莹老师,TPT stores,https://www.teacherspayteachers.com/store/lily-zhaos-chinese-immersion-class,Chinese immersion buyers,"No TPT DM; only reach via their own public contact if listed. Pitch = cross-promo, not cold sales",yes (stores),JD,— (later)
15,ACTFL 2026 Convention (Nov 20-22 San Antonio),conference,https://www.actfl.org/convention-and-expo,world-language teachers,"Exhibit = spend; skip 2026",yes,JD (spend),—
16,CLTA-US annual conference,conference,https://www.clta-us.org,Chinese teachers K-16,"2026 was May 1-3 (URI). Watch for the 2027 call for proposals",yes,JD,—
